{
    "f1": 0.5442764578833693,
    "roc_auc": 0.8357579836302036
}